user_id,organization
U1,Universite Libre de Bruxelles
U2,Universite Libre de Bruxelles
U3,Universite Libre de Bruxelles
U4,Universite Libre de Bruxelles
U5,Universite Libre de Bruxelles
U6,Universidad Politecnica de Catalunya
U7,Universidad Politecnica de Catalunya
U8,Universidad Politecnica de Catalunya
U9,Universite Libre de Bruxelles
U10,Universite Libre de Bruxelles
U11,Universite Libre de Bruxelles
U12,Universite Libre de Bruxelles
U13,Universite Libre de Bruxelles
U14,Universidad Politecnica de Catalunya
U15,Universite Libre de Bruxelles
U16,Universite Libre de Bruxelles
U17,Universidad Politecnica de Catalunya
U18,Universite Libre de Bruxelles
U19,Universidad Politecnica de Catalunya
U20,Universite Libre de Bruxelles
U21,Universidad Politecnica de Catalunya
U22,Universidad Politecnica de Catalunya
U23,Universite Libre de Bruxelles
U24,Universidad Politecnica de Catalunya
U25,Universite Libre de Bruxelles
U26,Universite Libre de Bruxelles
U27,Universite Libre de Bruxelles
U28,Universite Libre de Bruxelles
U29,Universidad Politecnica de Catalunya
U30,Universidad Politecnica de Catalunya
U31,Universite Libre de Bruxelles
U32,Universidad Politecnica de Catalunya
U33,Universidad Politecnica de Catalunya
U34,Universidad Politecnica de Catalunya
U35,Universite Libre de Bruxelles
U36,Universite Libre de Bruxelles
U37,Universidad Politecnica de Catalunya
U38,Universidad Politecnica de Catalunya
U39,Universidad Politecnica de Catalunya
U40,Universite Libre de Bruxelles
U41,Universidad Politecnica de Catalunya
U42,Universite Libre de Bruxelles
U43,Universite Libre de Bruxelles
U44,Universite Libre de Bruxelles
U45,Universidad Politecnica de Catalunya
U46,Universidad Politecnica de Catalunya
U47,Universidad Politecnica de Catalunya
U48,Universidad Politecnica de Catalunya
U49,Universidad Politecnica de Catalunya
U50,Universite Libre de Bruxelles
U51,Universite Libre de Bruxelles
U52,Universidad Politecnica de Catalunya
U53,Universidad Politecnica de Catalunya
U54,Universite Libre de Bruxelles
U55,Universite Libre de Bruxelles
U56,Universite Libre de Bruxelles
U57,Universidad Politecnica de Catalunya
U58,Universidad Politecnica de Catalunya
U59,Universidad Politecnica de Catalunya
U60,Universite Libre de Bruxelles
U61,Universite Libre de Bruxelles
U62,Universidad Politecnica de Catalunya
U63,Universidad Politecnica de Catalunya
U64,Universite Libre de Bruxelles
U65,Universidad Politecnica de Catalunya
U66,Universidad Politecnica de Catalunya
U67,Universite Libre de Bruxelles
U68,Universite Libre de Bruxelles
U69,Universite Libre de Bruxelles
U70,Universite Libre de Bruxelles
U71,Universidad Politecnica de Catalunya
U72,Universidad Politecnica de Catalunya
U73,Universite Libre de Bruxelles
U74,Universidad Politecnica de Catalunya
U75,Universidad Politecnica de Catalunya
U76,Universite Libre de Bruxelles
U77,Universite Libre de Bruxelles
U78,Universidad Politecnica de Catalunya
U79,Universite Libre de Bruxelles
U80,Universite Libre de Bruxelles
U81,Universite Libre de Bruxelles
U82,Universidad Politecnica de Catalunya
U83,Universidad Politecnica de Catalunya
U84,Universidad Politecnica de Catalunya
U85,Universite Libre de Bruxelles
U86,Universite Libre de Bruxelles
U87,Universidad Politecnica de Catalunya
U88,Universidad Politecnica de Catalunya
U89,Universidad Politecnica de Catalunya
U90,Universidad Politecnica de Catalunya
U91,Universidad Politecnica de Catalunya
U92,Universite Libre de Bruxelles
U93,Universidad Politecnica de Catalunya
U94,Universite Libre de Bruxelles
U95,Universite Libre de Bruxelles
U96,Universidad Politecnica de Catalunya
U97,Universite Libre de Bruxelles
U98,Universidad Politecnica de Catalunya
U99,Universidad Politecnica de Catalunya
U100,Universidad Politecnica de Catalunya
U101,Universidad Politecnica de Catalunya
U102,Universidad Politecnica de Catalunya
U103,Universite Libre de Bruxelles
U104,Universite Libre de Bruxelles
U105,Universidad Politecnica de Catalunya
U106,Universite Libre de Bruxelles
U107,Universidad Politecnica de Catalunya
U108,Universite Libre de Bruxelles
U109,Universidad Politecnica de Catalunya
U110,Universidad Politecnica de Catalunya
U111,Universidad Politecnica de Catalunya
U112,Universidad Politecnica de Catalunya
U113,Universite Libre de Bruxelles
U114,Universidad Politecnica de Catalunya
U115,Universite Libre de Bruxelles
U116,Universidad Politecnica de Catalunya
U117,Universite Libre de Bruxelles
U118,Universidad Politecnica de Catalunya
U119,Universite Libre de Bruxelles
U120,Universite Libre de Bruxelles
U121,Universidad Politecnica de Catalunya
U122,Universite Libre de Bruxelles
U123,Universidad Politecnica de Catalunya
U124,Universite Libre de Bruxelles
U125,Universidad Politecnica de Catalunya
U126,Universite Libre de Bruxelles
U127,Universidad Politecnica de Catalunya
U128,Universite Libre de Bruxelles
U129,Universite Libre de Bruxelles
U130,Universidad Politecnica de Catalunya
U131,Universite Libre de Bruxelles
U132,Universidad Politecnica de Catalunya
U133,Universite Libre de Bruxelles
U134,Universite Libre de Bruxelles
U135,Universidad Politecnica de Catalunya
U136,Universidad Politecnica de Catalunya
U137,Universidad Politecnica de Catalunya
U138,Universidad Politecnica de Catalunya
U139,Universidad Politecnica de Catalunya
U140,Universidad Politecnica de Catalunya
U141,Universidad Politecnica de Catalunya
U142,Universidad Politecnica de Catalunya
U143,Universite Libre de Bruxelles
U144,Universidad Politecnica de Catalunya
U145,Universite Libre de Bruxelles
U146,Universidad Politecnica de Catalunya
U147,Universite Libre de Bruxelles
U148,Universidad Politecnica de Catalunya
U149,Universidad Politecnica de Catalunya
U150,Universite Libre de Bruxelles
U151,Universidad Politecnica de Catalunya
U152,Universidad Politecnica de Catalunya
U153,Universite Libre de Bruxelles
U154,Universite Libre de Bruxelles
U155,Universidad Politecnica de Catalunya
U156,Universite Libre de Bruxelles
U157,Universite Libre de Bruxelles
U158,Universite Libre de Bruxelles
U159,Universidad Politecnica de Catalunya
U160,Universidad Politecnica de Catalunya
U161,Universidad Politecnica de Catalunya
U162,Universidad Politecnica de Catalunya
U163,Universidad Politecnica de Catalunya
U164,Universidad Politecnica de Catalunya
U165,Universite Libre de Bruxelles
U166,Universite Libre de Bruxelles
U167,Universidad Politecnica de Catalunya
U168,Universidad Politecnica de Catalunya
U169,Universidad Politecnica de Catalunya
U170,Universidad Politecnica de Catalunya
U171,Universidad Politecnica de Catalunya
U172,Universidad Politecnica de Catalunya
U173,Universidad Politecnica de Catalunya
U174,Universite Libre de Bruxelles
U175,Universite Libre de Bruxelles
U176,Universite Libre de Bruxelles
U177,Universidad Politecnica de Catalunya
U178,Universite Libre de Bruxelles
U179,Universidad Politecnica de Catalunya
U180,Universite Libre de Bruxelles
U181,Universite Libre de Bruxelles
U182,Universidad Politecnica de Catalunya
U183,Universidad Politecnica de Catalunya
U184,Universite Libre de Bruxelles
U185,Universite Libre de Bruxelles
U186,Universidad Politecnica de Catalunya
U187,Universite Libre de Bruxelles
U188,Universidad Politecnica de Catalunya
U189,Universidad Politecnica de Catalunya
U190,Universite Libre de Bruxelles
U191,Universidad Politecnica de Catalunya
U192,Universidad Politecnica de Catalunya
U193,Universite Libre de Bruxelles
U194,Universidad Politecnica de Catalunya
U195,Universite Libre de Bruxelles
U196,Universite Libre de Bruxelles
U197,Universidad Politecnica de Catalunya
U198,Universite Libre de Bruxelles
U199,Universite Libre de Bruxelles
U200,Universite Libre de Bruxelles
